case,sequence_length,gqa_group,selection_pattern,provider,route,status,batch_repetitions,median_wall_ms,min_wall_ms,max_wall_ms,median_cuda_event_ms,branch_query_tokens_per_second,extra_peak_allocated_bytes
n4096_g1_random,4096,1,random,fla,,not_timed,,,,,,,
n4096_g1_random,4096,1,random,nsa,nsa_triton_forward,measured,36,3.065708722222856,2.9550075277787378,3.6061068055535848,3.340391159057617,1336069.5262106017,4259840
n4096_g1_random,4096,1,random,fsa,fsa_specialized,measured,19,5.393842526317664,4.9718102105352475,5.892308578950178,5.882954246119449,759384.42400103,57032704
n4096_g1_recent,4096,1,recent,fla,,not_timed,,,,,,,
n4096_g1_recent,4096,1,recent,nsa,nsa_triton_forward,measured,33,3.477854666664026,3.3304959696937604,3.811999393940024,3.4739655003403174,1177737.5401166207,4259840
n4096_g1_recent,4096,1,recent,fsa,fsa_specialized,measured,15,6.464818200007964,5.121740999993563,7.8765067999938765,6.462474568684896,633583.1686643491,35397632
n4096_g4_random,4096,4,random,fla,,not_timed,,,,,,,
n4096_g4_random,4096,4,random,nsa,nsa_triton_forward,measured,31,3.649948645165897,3.460001645158451,3.945345161289351,3.6587768062468498,1122207.5700776961,17039360
n4096_g4_random,4096,4,random,fsa,fsa_specialized,measured,10,10.546165100004146,7.953441400013617,12.860497599990595,10.530649566650391,388387.6234782623,82591744
n4096_g4_recent,4096,4,recent,fla,,not_timed,,,,,,,
n4096_g4_recent,4096,4,recent,nsa,nsa_triton_forward,measured,28,3.315989392855759,3.1215263571441807,3.6573572857118313,3.6117142268589566,1235227.111650224,17039360
n4096_g4_recent,4096,4,recent,fsa,fsa_specialized,measured,12,8.13033508332713,7.371802416666166,9.646908416679404,8.867794672648111,503792.2739986034,60694528
n4096_g8_random,4096,8,random,fla,,not_timed,,,,,,,
n4096_g8_random,4096,8,random,nsa,nsa_triton_forward,measured,30,3.506896799998079,3.295421933338124,3.935229600006096,3.820489501953125,1167984.1847647878,34078720
n4096_g8_random,4096,8,random,fsa,fsa_specialized,measured,10,12.083503999997447,11.44179670000085,13.03214829999888,13.172390747070313,338974.5226219866,116670464
n4096_g8_recent,4096,8,recent,fla,,not_timed,,,,,,,
n4096_g8_recent,4096,8,recent,nsa,nsa_triton_forward,measured,28,3.4452593214301226,3.284890964282892,4.02621707142511,3.753387451171875,1188880.028426933,34078720
n4096_g8_recent,4096,8,recent,fsa,fsa_specialized,measured,10,12.68599819998144,11.480256599998029,13.48914089999198,13.827133178710938,322875.6567225425,94773248
n4096_g16_random,4096,16,random,nsa,nsa_triton_forward,measured,32,3.7399448124944,3.5119738125004574,3.8809356874978107,4.075386047363281,1095203.3266148986,68157440
n4096_g16_random,4096,16,random,fla,fla_selected_forward,measured,33,3.313184787878003,3.109782515152939,3.7535735757570143,3.610266251997514,1236272.7291837432,68157440
n4096_g16_random,4096,16,random,fsa,fsa_nsa_fallback,measured,31,3.7554893870991135,3.5176178064522254,4.276274193546581,4.0928329959992436,1090670.1038939455,68157440
n4096_g16_recent,4096,16,recent,nsa,nsa_triton_forward,measured,29,3.9073311724113693,3.519057172415442,4.210444862063264,4.0550687066439925,1048285.8552970303,68157440
n4096_g16_recent,4096,16,recent,fla,fla_selected_forward,measured,31,3.473003903221275,3.1149291935508376,3.7162833870987075,3.6207907892042592,1179382.492545109,68157440
n4096_g16_recent,4096,16,recent,fsa,fsa_nsa_fallback,measured,29,3.8961888965488845,3.5319683793047796,4.116871999995369,4.040919073696794,1051283.7310398635,68157440
n8192_g1_random,8192,1,random,fla,,not_timed,,,,,,,
n8192_g1_random,8192,1,random,nsa,nsa_triton_forward,measured,15,7.000645466663021,6.767242333323035,8.170790599994385,7.1052734375,1170177.812747438,8519680
n8192_g1_random,8192,1,random,fsa,fsa_specialized,measured,18,6.4214239444406,5.128284833340836,9.389527555564806,6.524044460720486,1275729.5065516257,152462336
n8192_g1_recent,8192,1,recent,fla,,not_timed,,,,,,,
n8192_g1_recent,8192,1,recent,nsa,nsa_triton_forward,measured,15,6.519206333329445,6.288082799998544,7.703070400005648,7.102154541015625,1256594.6805699945,8519680
n8192_g1_recent,8192,1,recent,fsa,fsa_specialized,measured,21,4.948865571426116,4.770546476189945,5.703695952379782,5.397691272553944,1655328.859061999,85634048
n8192_g4_random,8192,4,random,fla,,not_timed,,,,,,,
n8192_g4_random,8192,4,random,nsa,nsa_triton_forward,measured,14,7.089236357143948,6.836127571432371,8.27869764285489,7.723604474748884,1155554.644717802,34078720
n8192_g4_random,8192,4,random,fsa,fsa_specialized,measured,12,8.352024166659552,7.954361166658448,9.426710499989591,9.109469095865885,980840.0737993129,203580416
n8192_g4_recent,8192,4,recent,fla,,not_timed,,,,,,,
n8192_g4_recent,8192,4,recent,nsa,nsa_triton_forward,measured,14,7.0937647857200705,6.772097571423989,7.939767000006474,7.728153228759766,1154816.976239571,34078720
n8192_g4_recent,8192,4,recent,fsa,fsa_specialized,measured,14,8.180234928577843,7.9330810000003895,8.807715928566852,8.922215053013392,1001438.2314841662,136489984
n8192_g8_random,8192,8,random,fla,,not_timed,,,,,,,
n8192_g8_random,8192,8,random,nsa,nsa_triton_forward,measured,14,7.29370142857988,7.010794142859465,8.267916999995707,7.948820386614118,1123160.8642355716,68157440
n8192_g8_random,8192,8,random,fsa,fsa_specialized,measured,10,13.993386800007102,12.258849700015162,16.051877599988984,15.263395690917969,585419.3925373264,271737856
n8192_g8_recent,8192,8,recent,fla,,not_timed,,,,,,,
n8192_g8_recent,8192,8,recent,nsa,nsa_triton_forward,measured,15,7.27268493333213,7.015207466656648,8.1609773333336,7.924426778157552,1126406.5575636956,68157440
n8192_g8_recent,8192,8,recent,fsa,fsa_specialized,measured,10,13.429890600014005,12.526024299995697,14.454610899997533,14.64886016845703,609982.6308333038,204909568
n8192_g16_random,8192,16,random,nsa,nsa_triton_forward,measured,14,8.506908428574077,8.0166581428622,8.689438928578445,8.622164590018135,962982.0361629471,136314880
n8192_g16_random,8192,16,random,fla,fla_selected_forward,measured,15,7.522137200006303,7.039233799999541,7.909969800008791,7.623016357421875,1089052.191176882,136314880
n8192_g16_random,8192,16,random,fsa,fsa_nsa_fallback,measured,12,8.392556166673634,8.152210916667476,9.801144166677508,8.498984018961588,976103.0891315293,136314880
n8192_g16_recent,8192,16,recent,nsa,nsa_triton_forward,measured,13,8.033227538450005,7.521320769228623,8.324145538468796,8.561664287860577,1019764.4671198532,136314880
n8192_g16_recent,8192,16,recent,fla,fla_selected_forward,measured,14,7.030511928568168,6.501083571427963,7.630214571414789,7.611154283796038,1165206.7563831557,136314880
n8192_g16_recent,8192,16,recent,fsa,fsa_nsa_fallback,measured,13,7.84998469230931,7.428783692305912,8.969119692315312,8.553922213040865,1043568.9139656241,136314880
n16384_g1_random,16384,1,random,fla,,not_timed,,,,,,,
n16384_g1_random,16384,1,random,nsa,nsa_triton_forward,measured,10,14.149127899986524,13.312900500000069,15.476837700020951,15.418003845214844,1157951.2260975183,17039360
n16384_g1_random,16384,1,random,fsa,fsa_specialized,measured,14,7.286827357136515,6.294559857142953,8.705031071437068,7.941135951450893,2248440.809284986,409633792
n16384_g1_recent,16384,1,recent,fla,,not_timed,,,,,,,
n16384_g1_recent,16384,1,recent,nsa,nsa_triton_forward,measured,10,14.14507480001248,13.309527000001253,16.099270399990928,15.416744995117188,1158283.0230056855,17039360
n16384_g1_recent,16384,1,recent,fsa,fsa_specialized,measured,17,6.466586705875991,5.923039529400686,7.823356823524485,7.0455021577722885,2533639.576055225,230147072
n16384_g4_random,16384,4,random,fla,,not_timed,,,,,,,
n16384_g4_random,16384,4,random,nsa,nsa_triton_forward,measured,10,15.205718600009277,14.3253975999869,17.029501600018193,16.56923828125,1077489.3598247967,68157440
n16384_g4_random,16384,4,random,fsa,fsa_specialized,measured,10,13.373852400013675,12.241656399987733,13.865631500016207,14.586175537109375,1225077.076518599,510991360
n16384_g4_recent,16384,4,recent,fla,,not_timed,,,,,,,
n16384_g4_recent,16384,4,recent,nsa,nsa_triton_forward,measured,10,15.725556699999288,14.308321699991211,17.970442699993328,16.97879638671875,1041870.9055941238,68157440
n16384_g4_recent,16384,4,recent,fsa,fsa_specialized,measured,10,12.85326699999132,11.548915900016254,14.011218099994949,13.380848693847657,1274695.375114441,332121088
n16384_g8_random,16384,8,random,fla,,not_timed,,,,,,,
n16384_g8_random,16384,8,random,nsa,nsa_triton_forward,measured,10,17.154512000001887,15.206603699994048,17.874242400012008,17.331452941894533,955084.0035553443,136314880
n16384_g8_random,16384,8,random,fsa,fsa_specialized,measured,10,22.99769619999097,20.523814100010895,25.482678499997746,23.102584838867188,712419.1857098466,647306240
n16384_g8_recent,16384,8,recent,fla,,not_timed,,,,,,,
n16384_g8_recent,16384,8,recent,nsa,nsa_triton_forward,measured,10,15.987234099998204,14.634657199985668,17.05355500000678,17.425996398925783,1024817.6699934506,136314880
n16384_g8_recent,16384,8,recent,fsa,fsa_specialized,measured,10,19.713094799999453,18.50077260000944,20.64364210000349,21.503065490722655,831122.6708046093,468698112
n16384_g16_random,16384,16,random,nsa,nsa_triton_forward,measured,10,16.44994879998194,15.382370400016043,17.10066780001398,17.932643127441406,995990.9419303474,272629760
n16384_g16_random,16384,16,random,fla,fla_selected_forward,measured,10,15.269689600017955,14.50901129999238,16.62388249999367,16.643997192382812,1072975.3144412795,272629760
n16384_g16_random,16384,16,random,fsa,fsa_nsa_fallback,measured,10,16.447081700016497,15.341969899986907,17.844202700007372,17.929231262207033,996164.5657772567,272629760
n16384_g16_recent,16384,16,recent,nsa,nsa_triton_forward,measured,10,17.131209200010744,15.349065400005202,18.608616500000608,17.682920837402342,956383.1606229946,272629760
n16384_g16_recent,16384,16,recent,fla,fla_selected_forward,measured,10,16.150220100007573,14.373468600001615,16.771688400012863,16.686189270019533,1014475.3383263376,272629760
n16384_g16_recent,16384,16,recent,fsa,fsa_nsa_fallback,measured,10,17.55531650001103,15.702349799994408,19.188526799985084,17.938400268554688,933278.5313206803,272629760
